"panel","variant","measure","status","n","term","sum_sq","df","f_value","p_raw","p_holm","p_bh","family_size"
"markers","CENTRE_A","CD61","ok_aliased",73,"Genotype",14930171.392529,7,0.341389711073038,0.930806001037768,1,0.963012957333068,30
"markers","CENTRE_A","CD61","ok_aliased",73,"Treatment",11806879.280416,3,0.629937616514946,0.599183198740325,1,0.963012957333068,30
"markers","CENTRE_A","CD61","ok_aliased",73,"Genotype:Treatment",32499722.1960365,13,0.400147374020799,0.963012957333068,1,0.963012957333068,30
"markers","CENTRE_A","CD61","ok_aliased",73,"Residuals",306134591.517738,49,,,,,
"markers","CENTRE_A","CD41","ok_aliased",72,"Genotype",9100968.20627511,7,0.419496435363618,0.885403319025927,1,0.963012957333068,30
"markers","CENTRE_A","CD41","ok_aliased",72,"Treatment",13368743.8909962,3,1.43783173991922,0.243388144359673,1,0.816614860964185,30
"markers","CENTRE_A","CD41","ok_aliased",72,"Genotype:Treatment",23503028.3457142,13,0.583336551204718,0.855202593877142,1,0.963012957333068,30
"markers","CENTRE_A","CD41","ok_aliased",72,"Residuals",148765600.534006,48,,,,,
"markers","CENTRE_A","CD49B","ok_aliased",72,"Genotype",69929.9769097161,7,0.528735001741413,0.808393711600099,1,0.963012957333068,30
"markers","CENTRE_A","CD49B","ok_aliased",72,"Treatment",110394.598924165,3,1.94759785543943,0.13450931692339,1,0.816614860964185,30
"markers","CENTRE_A","CD49B","ok_aliased",72,"Genotype:Treatment",266463.347655667,13,1.08484288216621,0.394027393974571,1,0.963012957333068,30
"markers","CENTRE_A","CD49B","ok_aliased",72,"Residuals",906919.042785714,48,,,,,
"markers","CENTRE_A","GPVI","ok_aliased",73,"Genotype",213084.457372676,7,1.19539789343273,0.323106228091504,1,0.881198803885919,30
"markers","CENTRE_A","GPVI","ok_aliased",73,"Treatment",67409.5369897089,3,0.882386474919168,0.456771083168553,1,0.963012957333068,30
"markers","CENTRE_A","GPVI","ok_aliased",73,"Genotype:Treatment",162419.853278839,13,0.490630468596579,0.919434779715679,1,0.963012957333068,30
"markers","CENTRE_A","GPVI","ok_aliased",73,"Residuals",1247778.00747619,49,,,,,
"markers","CENTRE_A","CD42A","ok_aliased",73,"Genotype",5338057.04572278,7,1.23509680150254,0.301735095301832,1,0.881198803885919,30
"markers","CENTRE_A","CD42A","ok_aliased",73,"Treatment",925598.274113461,3,0.499708926943044,0.684186126614086,1,0.963012957333068,30
"markers","CENTRE_A","CD42A","ok_aliased",73,"Genotype:Treatment",11128648.8207605,12,1.5020245056838,0.154973365433604,1,0.816614860964185,30
"markers","CENTRE_A","CD42A","ok_aliased",73,"Residuals",30871247.3804762,50,,,,,
"markers","CENTRE_A","CD42B","ok_aliased",73,"Genotype",9592321.38455005,7,0.775115858233644,0.610934567741455,1,0.963012957333068,30
"markers","CENTRE_A","CD42B","ok_aliased",73,"Treatment",2018172.05852506,3,0.380520339532018,0.767452477695263,1,0.963012957333068,30
"markers","CENTRE_A","CD42B","ok_aliased",73,"Genotype:Treatment",9590442.51937971,12,0.452062353692942,0.932696618659257,1,0.963012957333068,30
"markers","CENTRE_A","CD42B","ok_aliased",73,"Residuals",88395277.4161429,50,,,,,
"markers","CENTRE_A","CD31","ok_aliased",72,"Genotype",1341702.58869878,7,2.09943393844043,0.0615859727540141,1,0.816614860964185,30
"markers","CENTRE_A","CD31","ok_aliased",72,"Treatment",396577.588354327,3,1.44794114249611,0.240560530323828,1,0.816614860964185,30
"markers","CENTRE_A","CD31","ok_aliased",72,"Genotype:Treatment",2315212.20416216,13,1.95070432376547,0.0473241348310622,1,0.816614860964185,30
"markers","CENTRE_A","CD31","ok_aliased",72,"Residuals",4382250.92680952,48,,,,,
"markers","CENTRE_A","CD36","ok_aliased",72,"Genotype",1293174.44789808,7,0.458910652902587,0.859141275861479,1,0.963012957333068,30
"markers","CENTRE_A","CD36","ok_aliased",72,"Treatment",662013.755154908,3,0.548169443474815,0.651791824710336,1,0.963012957333068,30
"markers","CENTRE_A","CD36","ok_aliased",72,"Genotype:Treatment",6812953.61432525,13,1.30185059034607,0.244984458289256,1,0.816614860964185,30
"markers","CENTRE_A","CD36","ok_aliased",72,"Residuals",19322894.0586966,48,,,,,
"markers","CENTRE_A","CD9","ok_aliased",73,"Genotype",5869066.9615198,7,0.871083696533611,0.535893261462576,1,0.963012957333068,30
"markers","CENTRE_A","CD9","ok_aliased",73,"Treatment",1742031.3024238,3,0.603286435725464,0.615987995216665,1,0.963012957333068,30
"markers","CENTRE_A","CD9","ok_aliased",73,"Genotype:Treatment",13146714.9872856,13,1.05066134996579,0.421778106506505,1,0.963012957333068,30
"markers","CENTRE_A","CD9","ok_aliased",73,"Residuals",47163629.5044048,49,,,,,
"markers","CENTRE_A","FSC.unstained","ok_aliased",72,"Genotype",328364370.973256,7,0.84251228527009,0.557951542899977,1,0.963012957333068,30
"markers","CENTRE_A","FSC.unstained","ok_aliased",72,"Treatment",365393321.664037,3,2.18754806925413,0.101651864910204,1,0.816614860964185,30
"markers","CENTRE_A","FSC.unstained","ok_aliased",72,"Genotype:Treatment",977741467.146828,13,1.35082452369167,0.218470288305474,1,0.816614860964185,30
"markers","CENTRE_A","FSC.unstained","ok_aliased",72,"Residuals",2672532425.13567,48,,,,,
"markers","CENTRE_Atratadosnotratados","CD61","ok_aliased",73,"Genotype",11047596.3226378,7,0.284281403201921,0.957659647099512,1,0.957659647099512,30
"markers","CENTRE_Atratadosnotratados","CD61","ok_aliased",73,"Treatment",1733952.79544896,1,0.312331627230293,0.578368046705721,1,0.863745458293089,30
"markers","CENTRE_Atratadosnotratados","CD61","ok_aliased",73,"Genotype:Treatment",21160472.5572534,5,0.762314273389164,0.580616868367075,1,0.863745458293089,30
"markers","CENTRE_Atratadosnotratados","CD61","ok_aliased",73,"Residuals",327546767.641488,59,,,,,
"markers","CENTRE_Atratadosnotratados","CD41","ok_aliased",72,"Genotype",8873880.05204055,7,0.416319934235517,0.888318965015567,1,0.951633711445068,30
"markers","CENTRE_Atratadosnotratados","CD41","ok_aliased",72,"Treatment",4699908.40129623,1,1.5434802831975,0.219100316620009,1,0.831160361606766,30
"markers","CENTRE_Atratadosnotratados","CD41","ok_aliased",72,"Genotype:Treatment",4327053.31158078,5,0.284206452573731,0.919912587730232,1,0.951633711445068,30
"markers","CENTRE_Atratadosnotratados","CD41","ok_aliased",72,"Residuals",176610411.05784,58,,,,,
"markers","CENTRE_Atratadosnotratados","CD49B","ok_aliased",72,"Genotype",87536.3285737804,7,0.676624770412333,0.690996366634471,1,0.863745458293089,30
"markers","CENTRE_Atratadosnotratados","CD49B","ok_aliased",72,"Treatment",99354.0994148678,1,5.3758036304451,0.0239635301991251,0.718905905973753,0.718905905973753,30
"markers","CENTRE_Atratadosnotratados","CD49B","ok_aliased",72,"Genotype:Treatment",112483.108998297,5,1.2172363481286,0.312640625598975,1,0.831160361606766,30
"markers","CENTRE_Atratadosnotratados","CD49B","ok_aliased",72,"Residuals",1071939.78095238,58,,,,,
"markers","CENTRE_Atratadosnotratados","GPVI","ok_aliased",73,"Genotype",267209.09284973,7,1.64174613610468,0.141576305404888,1,0.831160361606766,30
"markers","CENTRE_Atratadosnotratados","GPVI","ok_aliased",73,"Treatment",3850.42850716738,1,0.165600587899194,0.685524245762239,1,0.863745458293089,30
"markers","CENTRE_Atratadosnotratados","GPVI","ok_aliased",73,"Genotype:Treatment",101930.426803048,5,0.876771952627073,0.502331936817263,1,0.863745458293089,30
"markers","CENTRE_Atratadosnotratados","GPVI","ok_aliased",73,"Residuals",1371826.54243452,59,,,,,
"markers","CENTRE_Atratadosnotratados","CD42A","ok_aliased",73,"Genotype",5070797.5223551,7,1.12423679837547,0.360169490029599,1,0.831160361606766,30
"markers","CENTRE_Atratadosnotratados","CD42A","ok_aliased",73,"Treatment",475334.432906531,1,0.737698401596173,0.393817611586088,1,0.843894881970188,30
"markers","CENTRE_Atratadosnotratados","CD42A","ok_aliased",73,"Genotype:Treatment",3789284.65938409,4,1.47020131664342,0.222522512158117,1,0.831160361606766,30
"markers","CENTRE_Atratadosnotratados","CD42A","ok_aliased",73,"Residuals",38660875.3830595,60,,,,,
"markers","CENTRE_Atratadosnotratados","CD42B","ok_aliased",73,"Genotype",9165269.22137991,7,0.800849771468901,0.589815718934745,1,0.863745458293089,30
"markers","CENTRE_Atratadosnotratados","CD42B","ok_aliased",73,"Treatment",149432.364612475,1,0.0914004930041305,0.763467455344801,1,0.916160946413761,30
"markers","CENTRE_Atratadosnotratados","CD42B","ok_aliased",73,"Genotype:Treatment",3394263.16487561,5,0.415221063335153,0.836325400796493,1,0.951633711445068,30
"markers","CENTRE_Atratadosnotratados","CD42B","ok_aliased",73,"Residuals",96460196.4645595,59,,,,,
"markers","CENTRE_Atratadosnotratados","CD31","ok_aliased",72,"Genotype",1345184.96371547,7,1.80495873756005,0.103589356198528,1,0.776920171488959,30
"markers","CENTRE_Atratadosnotratados","CD31","ok_aliased",72,"Treatment",311229.250151866,1,2.9232349358559,0.0926581411460596,1,0.776920171488959,30
"markers","CENTRE_Atratadosnotratados","CD31","ok_aliased",72,"Genotype:Treatment",607701.734614617,5,1.14157325530222,0.348985548543177,1,0.831160361606766,30
"markers","CENTRE_Atratadosnotratados","CD31","ok_aliased",72,"Residuals",6175109.73455952,58,,,,,
"markers","CENTRE_Atratadosnotratados","CD36","ok_aliased",72,"Genotype",1274743.25852127,7,0.422600524004355,0.884303785865475,1,0.951633711445068,30
"markers","CENTRE_Atratadosnotratados","CD36","ok_aliased",72,"Treatment",404376.763126578,1,0.938407648717431,0.336710034167471,1,0.831160361606766,30
"markers","CENTRE_Atratadosnotratados","CD36","ok_aliased",72,"Genotype:Treatment",1400239.6788258,5,0.649886810749541,0.66269151004288,1,0.863745458293089,30
"markers","CENTRE_Atratadosnotratados","CD36","ok_aliased",72,"Residuals",24993244.9862244,58,,,,,
"markers","CENTRE_Atratadosnotratados","CD9","ok_aliased",73,"Genotype",6403668.20107768,7,0.988355132244159,0.448578091063777,1,0.863745458293089,30
"markers","CENTRE_Atratadosnotratados","CD9","ok_aliased",73,"Treatment",986843.633191824,1,1.0661801287525,0.306023979385902,1,0.831160361606766,30
"markers","CENTRE_Atratadosnotratados","CD9","ok_aliased",73,"Genotype:Treatment",6455834.61718422,5,1.39496924372746,0.239360135446884,1,0.831160361606766,30
"markers","CENTRE_Atratadosnotratados","CD9","ok_aliased",73,"Residuals",54609697.5437381,59,,,,,
"markers","CENTRE_Atratadosnotratados","FSC.unstained","ok_aliased",72,"Genotype",309756320.094805,7,0.721677797795049,0.654047224490212,1,0.863745458293089,30
"markers","CENTRE_Atratadosnotratados","FSC.unstained","ok_aliased",72,"Treatment",196174039.006566,1,3.19935728472115,0.078889960732126,1,0.776920171488959,30
"markers","CENTRE_Atratadosnotratados","FSC.unstained","ok_aliased",72,"Genotype:Treatment",263124426.529758,5,0.858247151426473,0.514667742392472,1,0.863745458293089,30
"markers","CENTRE_Atratadosnotratados","FSC.unstained","ok_aliased",72,"Residuals",3556368748.41021,58,,,,,
"markers","CENTRE_AtratadosnotratadosMPLCONTN","CD61","ok_aliased",73,"Genotype",10676680.1254892,6,0.325204582114687,0.921272651074423,1,0.939440983459448,30
"markers","CENTRE_AtratadosnotratadosMPLCONTN","CD61","ok_aliased",73,"Treatment",2086066.23268133,1,0.381241147710196,0.53923791684588,1,0.863439582971855,30
"markers","CENTRE_AtratadosnotratadosMPLCONTN","CD61","ok_aliased",73,"Genotype:Treatment",15299809.1271117,4,0.699033029247308,0.595596326485864,1,0.863439582971855,30
"markers","CENTRE_AtratadosnotratadosMPLCONTN","CD61","ok_aliased",73,"Residuals",333778347.268778,61,,,,,
"markers","CENTRE_AtratadosnotratadosMPLCONTN","CD41","ok_aliased",72,"Genotype",5216546.49113956,6,0.290029030908637,0.939440983459448,1,0.939440983459448,30
"markers","CENTRE_AtratadosnotratadosMPLCONTN","CD41","ok_aliased",72,"Treatment",3330455.00134763,1,1.11099782758535,0.296091307719286,1,0.836662381849247,30
"markers","CENTRE_AtratadosnotratadosMPLCONTN","CD41","ok_aliased",72,"Genotype:Treatment",4731889.9036127,4,0.394624713527097,0.811702349113732,1,0.915626255169431,30
"markers","CENTRE_AtratadosnotratadosMPLCONTN","CD41","ok_aliased",72,"Residuals",179862908.026709,60,,,,,
"markers","CENTRE_AtratadosnotratadosMPLCONTN","CD49B","ok_aliased",72,"Genotype",87282.3166857038,6,0.759643884231667,0.604407708080299,1,0.863439582971855,30
"markers","CENTRE_AtratadosnotratadosMPLCONTN","CD49B","ok_aliased",72,"Treatment",103191.289337568,1,5.38862634456885,0.0236828060391707,0.71048418117512,0.56360451561138,30
"markers","CENTRE_AtratadosnotratadosMPLCONTN","CD49B","ok_aliased",72,"Genotype:Treatment",35686.9804101835,4,0.465891559333431,0.760485105591777,1,0.915626255169431,30
"markers","CENTRE_AtratadosnotratadosMPLCONTN","CD49B","ok_aliased",72,"Residuals",1148989.92142857,60,,,,,
"markers","CENTRE_AtratadosnotratadosMPLCONTN","GPVI","ok_aliased",73,"Genotype",246129.078426398,6,1.7971253881984,0.114641094259446,1,0.687846565556673,30
"markers","CENTRE_AtratadosnotratadosMPLCONTN","GPVI","ok_aliased",73,"Treatment",7792.88801790099,1,0.341401275962076,0.561176244426365,1,0.863439582971855,30
"markers","CENTRE_AtratadosnotratadosMPLCONTN","GPVI","ok_aliased",73,"Genotype:Treatment",102439.817738285,4,1.12195518544718,0.354520464995556,1,0.836662381849247,30
"markers","CENTRE_AtratadosnotratadosMPLCONTN","GPVI","ok_aliased",73,"Residuals",1392397.16592262,61,,,,,
"markers","CENTRE_AtratadosnotratadosMPLCONTN","CD42A","ok_aliased",73,"Genotype",3486208.98383527,6,0.881935101909976,0.513667335250066,1,0.863439582971855,30
"markers","CENTRE_AtratadosnotratadosMPLCONTN","CD42A","ok_aliased",73,"Treatment",109694.709267654,1,0.16650226371201,0.684667989772473,1,0.915626255169431,30
"markers","CENTRE_AtratadosnotratadosMPLCONTN","CD42A","ok_aliased",73,"Genotype:Treatment",3846842.92641582,4,1.45975147677801,0.225504486398886,1,0.836662381849247,30
"markers","CENTRE_AtratadosnotratadosMPLCONTN","CD42A","ok_aliased",73,"Residuals",40187905.6545476,61,,,,,
"markers","CENTRE_AtratadosnotratadosMPLCONTN","CD42B","ok_aliased",73,"Genotype",9031857.98172337,6,0.939003753741842,0.473954384567215,1,0.863439582971855,30
"markers","CENTRE_AtratadosnotratadosMPLCONTN","CD42B","ok_aliased",73,"Treatment",107713.29755117,1,0.0671909529134302,0.796344313060589,1,0.915626255169431,30
"markers","CENTRE_AtratadosnotratadosMPLCONTN","CD42B","ok_aliased",73,"Genotype:Treatment",2199242.10701843,4,0.342968733242312,0.847889202203292,1,0.915626255169431,30
"markers","CENTRE_AtratadosnotratadosMPLCONTN","CD42B","ok_aliased",73,"Residuals",97788628.7620733,61,,,,,
"markers","CENTRE_AtratadosnotratadosMPLCONTN","CD31","ok_aliased",72,"Genotype",1336125.13543896,6,2.15253263806667,0.0602831127578924,1,0.56360451561138,30
"markers","CENTRE_AtratadosnotratadosMPLCONTN","CD31","ok_aliased",72,"Treatment",339300.336358874,1,3.27973044776017,0.075147268748184,1,0.56360451561138,30
"markers","CENTRE_AtratadosnotratadosMPLCONTN","CD31","ok_aliased",72,"Genotype:Treatment",584647.714355412,4,1.41282420359638,0.240665673896396,1,0.836662381849247,30
"markers","CENTRE_AtratadosnotratadosMPLCONTN","CD31","ok_aliased",72,"Residuals",6207223.58309524,60,,,,,
"markers","CENTRE_AtratadosnotratadosMPLCONTN","CD36","ok_aliased",72,"Genotype",1109658.95430484,6,0.432157936081002,0.854584504824803,1,0.915626255169431,30
"markers","CENTRE_AtratadosnotratadosMPLCONTN","CD36","ok_aliased",72,"Treatment",320261.62105301,1,0.748357505465789,0.390442444862982,1,0.836662381849247,30
"markers","CENTRE_AtratadosnotratadosMPLCONTN","CD36","ok_aliased",72,"Genotype:Treatment",881406.486316036,4,0.514897131001888,0.72501704195373,1,0.915626255169431,30
"markers","CENTRE_AtratadosnotratadosMPLCONTN","CD36","ok_aliased",72,"Residuals",25677162.4829505,60,,,,,
"markers","CENTRE_AtratadosnotratadosMPLCONTN","CD9","ok_aliased",73,"Genotype",6268364.7426277,6,1.16213555198306,0.338343859369602,1,0.836662381849247,30
"markers","CENTRE_AtratadosnotratadosMPLCONTN","CD9","ok_aliased",73,"Treatment",880722.803551368,1,0.979699800640676,0.326182967279272,1,0.836662381849247,30
"markers","CENTRE_AtratadosnotratadosMPLCONTN","CD9","ok_aliased",73,"Genotype:Treatment",6363536.49825325,4,1.76967015432363,0.146553005030737,1,0.732765025153684,30
"markers","CENTRE_AtratadosnotratadosMPLCONTN","CD9","ok_aliased",73,"Residuals",54837299.1211191,61,,,,,
"markers","CENTRE_AtratadosnotratadosMPLCONTN","FSC.unstained","ok_aliased",72,"Genotype",306088327.924137,6,0.85871101300191,0.53044213970182,1,0.863439582971855,30
"markers","CENTRE_AtratadosnotratadosMPLCONTN","FSC.unstained","ok_aliased",72,"Treatment",219657084.85192,1,3.69740249408638,0.0592473779046163,1,0.56360451561138,30
"markers","CENTRE_AtratadosnotratadosMPLCONTN","FSC.unstained","ok_aliased",72,"Genotype:Treatment",258651998.256452,4,1.0884471858699,0.370426364941665,1,0.836662381849247,30
"markers","CENTRE_AtratadosnotratadosMPLCONTN","FSC.unstained","ok_aliased",72,"Residuals",3564509168.85418,60,,,,,
"markers","CENTRE_ATNCONMPL","CD61","ok_aliased",73,"Genotype",13483905.2505401,6,0.373077558163716,0.892860974243843,1,0.95910362175322,30
"markers","CENTRE_ATNCONMPL","CD61","ok_aliased",73,"Treatment",11083642.772808,3,0.613332458869435,0.609366825112477,1,0.955509767032198,30
"markers","CENTRE_ATNCONMPL","CD61","ok_aliased",73,"Genotype:Treatment",20823023.0642158,10,0.34568335155306,0.963747113831215,1,0.963747113831215,30
"markers","CENTRE_ATNCONMPL","CD61","ok_aliased",73,"Residuals",319257556.791548,53,,,,,
"markers","CENTRE_ATNCONMPL","CD41","ok_aliased",72,"Genotype",6437761.49140435,6,0.369233191258904,0.895163380303005,1,0.95910362175322,30
"markers","CENTRE_ATNCONMPL","CD41","ok_aliased",72,"Treatment",12993417.3370778,3,1.49045625723591,0.227953339811763,1,0.92816153809321,30
"markers","CENTRE_ATNCONMPL","CD41","ok_aliased",72,"Genotype:Treatment",23824258.468942,10,0.819853950377913,0.611159416061591,1,0.955509767032198,30
"markers","CENTRE_ATNCONMPL","CD41","ok_aliased",72,"Residuals",151107577.125649,52,,,,,
"markers","CENTRE_ATNCONMPL","CD49B","ok_aliased",72,"Genotype",69575.4981483086,6,0.60605036740507,0.724246862730782,1,0.95910362175322,30
"markers","CENTRE_ATNCONMPL","CD49B","ok_aliased",72,"Treatment",114131.321973535,3,1.98832438014441,0.127135957623027,1,0.762815745738161,30
"markers","CENTRE_ATNCONMPL","CD49B","ok_aliased",72,"Genotype:Treatment",178790.437274217,10,0.934432492032571,0.510089032137901,1,0.955509767032198,30
"markers","CENTRE_ATNCONMPL","CD49B","ok_aliased",72,"Residuals",994946.431928571,52,,,,,
"markers","CENTRE_ATNCONMPL","GPVI","ok_aliased",73,"Genotype",182900.851030012,6,1.23231064134607,0.304810559545256,1,0.93067685838052,30
"markers","CENTRE_ATNCONMPL","GPVI","ok_aliased",73,"Treatment",62248.4045811109,3,0.838808249826363,0.478655631409651,1,0.955509767032198,30
"markers","CENTRE_ATNCONMPL","GPVI","ok_aliased",73,"Genotype:Treatment",129328.77478817,10,0.522818427053332,0.86639538115381,1,0.95910362175322,30
"markers","CENTRE_ATNCONMPL","GPVI","ok_aliased",73,"Residuals",1311052.69230952,53,,,,,
"markers","CENTRE_ATNCONMPL","CD42A","ok_aliased",73,"Genotype",3732602.3416259,6,0.988042431285875,0.442830386832337,1,0.955509767032198,30
"markers","CENTRE_ATNCONMPL","CD42A","ok_aliased",73,"Treatment",539092.384897538,3,0.285402034243941,0.835717265907457,1,0.95910362175322,30
"markers","CENTRE_ATNCONMPL","CD42A","ok_aliased",73,"Genotype:Treatment",10235001.9806907,10,1.62556018278857,0.124745321425662,1,0.762815745738161,30
"markers","CENTRE_ATNCONMPL","CD42A","ok_aliased",73,"Residuals",33370348.9246429,53,,,,,
"markers","CENTRE_ATNCONMPL","CD42B","ok_aliased",73,"Genotype",9168378.88102786,6,0.888495222730707,0.510000734259388,1,0.955509767032198,30
"markers","CENTRE_ATNCONMPL","CD42B","ok_aliased",73,"Treatment",1685921.7275981,3,0.326760798240677,0.805993181859124,1,0.95910362175322,30
"markers","CENTRE_ATNCONMPL","CD42B","ok_aliased",73,"Genotype:Treatment",7258528.8026638,10,0.422048537625248,0.929648916947846,1,0.961705776152944,30
"markers","CENTRE_ATNCONMPL","CD42B","ok_aliased",73,"Residuals",91151133.636381,53,,,,,
"markers","CENTRE_ATNCONMPL","CD31","ok_aliased",72,"Genotype",1339136.21338235,6,2.52010930569048,0.0323591655583721,0.938415801192791,0.485387483375582,30
"markers","CENTRE_ATNCONMPL","CD31","ok_aliased",72,"Treatment",431142.127521416,3,1.6227255700861,0.195323430092852,1,0.92816153809321,30
"markers","CENTRE_ATNCONMPL","CD31","ok_aliased",72,"Genotype:Treatment",2094734.34847858,10,2.36523789221571,0.021650489567141,0.649514687014231,0.485387483375582,30
"markers","CENTRE_ATNCONMPL","CD31","ok_aliased",72,"Residuals",4605295.15780952,52,,,,,
"markers","CENTRE_ATNCONMPL","CD36","ok_aliased",72,"Genotype",1066606.31980357,6,0.404012614749894,0.873035948890107,1,0.95910362175322,30
"markers","CENTRE_ATNCONMPL","CD36","ok_aliased",72,"Treatment",516414.789203253,3,0.3912185506644,0.759809820618723,1,0.95910362175322,30
"markers","CENTRE_ATNCONMPL","CD36","ok_aliased",72,"Genotype:Treatment",3482136.57018167,10,0.791385016860434,0.637006511354799,1,0.955509767032198,30
"markers","CENTRE_ATNCONMPL","CD36","ok_aliased",72,"Residuals",22880279.2309347,52,,,,,
"markers","CENTRE_ATNCONMPL","CD9","ok_aliased",73,"Genotype",5804139.17229249,6,1.04200241632629,0.408988233044855,1,0.955509767032198,30
"markers","CENTRE_ATNCONMPL","CD9","ok_aliased",73,"Treatment",1706286.14200601,3,0.61265046551669,0.609798733888579,1,0.955509767032198,30
"markers","CENTRE_ATNCONMPL","CD9","ok_aliased",73,"Genotype:Treatment",11172031.2724415,10,1.20341189991406,0.310225619460173,1,0.93067685838052,30
"markers","CENTRE_ATNCONMPL","CD9","ok_aliased",73,"Residuals",49203241.0084762,53,,,,,
"markers","CENTRE_ATNCONMPL","FSC.unstained","ok_aliased",72,"Genotype",328348493.185268,6,0.976684819376285,0.450392771671746,1,0.955509767032198,30
"markers","CENTRE_ATNCONMPL","FSC.unstained","ok_aliased",72,"Treatment",392528481.892072,3,2.33518117118624,0.0845181181117597,1,0.762815745738161,30
"markers","CENTRE_ATNCONMPL","FSC.unstained","ok_aliased",72,"Genotype:Treatment",736671287.952316,10,1.31475370604019,0.247509743491523,1,0.92816153809321,30
"markers","CENTRE_ATNCONMPL","FSC.unstained","ok_aliased",72,"Residuals",2913618482.11817,52,,,,,
