"panel","variant","measure","status","n","figure_file","anova_file","tukey_file","assumptions_file"
"markers","CENTRE_A","CD61","ok_aliased",73,"outputs/example/markers/CENTRE_A/CD61_figure.png","outputs/example/markers/CENTRE_A/CD61_anova.csv","outputs/example/markers/CENTRE_A/CD61_tukey.csv","outputs/example/markers/CENTRE_A/CD61_assumptions.csv"
"markers","CENTRE_A","CD41","ok_aliased",72,"outputs/example/markers/CENTRE_A/CD41_figure.png","outputs/example/markers/CENTRE_A/CD41_anova.csv","outputs/example/markers/CENTRE_A/CD41_tukey.csv","outputs/example/markers/CENTRE_A/CD41_assumptions.csv"
"markers","CENTRE_A","CD49B","ok_aliased",72,"outputs/example/markers/CENTRE_A/CD49B_figure.png","outputs/example/markers/CENTRE_A/CD49B_anova.csv","outputs/example/markers/CENTRE_A/CD49B_tukey.csv","outputs/example/markers/CENTRE_A/CD49B_assumptions.csv"
"markers","CENTRE_A","GPVI","ok_aliased",73,"outputs/example/markers/CENTRE_A/GPVI_figure.png","outputs/example/markers/CENTRE_A/GPVI_anova.csv","outputs/example/markers/CENTRE_A/GPVI_tukey.csv","outputs/example/markers/CENTRE_A/GPVI_assumptions.csv"
"markers","CENTRE_A","CD42A","ok_aliased",73,"outputs/example/markers/CENTRE_A/CD42A_figure.png","outputs/example/markers/CENTRE_A/CD42A_anova.csv","outputs/example/markers/CENTRE_A/CD42A_tukey.csv","outputs/example/markers/CENTRE_A/CD42A_assumptions.csv"
"markers","CENTRE_A","CD42B","ok_aliased",73,"outputs/example/markers/CENTRE_A/CD42B_figure.png","outputs/example/markers/CENTRE_A/CD42B_anova.csv","outputs/example/markers/CENTRE_A/CD42B_tukey.csv","outputs/example/markers/CENTRE_A/CD42B_assumptions.csv"
"markers","CENTRE_A","CD31","ok_aliased",72,"outputs/example/markers/CENTRE_A/CD31_figure.png","outputs/example/markers/CENTRE_A/CD31_anova.csv","outputs/example/markers/CENTRE_A/CD31_tukey.csv","outputs/example/markers/CENTRE_A/CD31_assumptions.csv"
"markers","CENTRE_A","CD36","ok_aliased",72,"outputs/example/markers/CENTRE_A/CD36_figure.png","outputs/example/markers/CENTRE_A/CD36_anova.csv","outputs/example/markers/CENTRE_A/CD36_tukey.csv","outputs/example/markers/CENTRE_A/CD36_assumptions.csv"
"markers","CENTRE_A","CD9","ok_aliased",73,"outputs/example/markers/CENTRE_A/CD9_figure.png","outputs/example/markers/CENTRE_A/CD9_anova.csv","outputs/example/markers/CENTRE_A/CD9_tukey.csv","outputs/example/markers/CENTRE_A/CD9_assumptions.csv"
"markers","CENTRE_A","FSC.unstained","ok_aliased",72,"outputs/example/markers/CENTRE_A/FSC_unstained_figure.png","outputs/example/markers/CENTRE_A/FSC_unstained_anova.csv","outputs/example/markers/CENTRE_A/FSC_unstained_tukey.csv","outputs/example/markers/CENTRE_A/FSC_unstained_assumptions.csv"
"markers","CENTRE_Atratadosnotratados","CD61","ok_aliased",73,"outputs/example/markers/CENTRE_Atratadosnotratados/CD61_figure.png","outputs/example/markers/CENTRE_Atratadosnotratados/CD61_anova.csv","outputs/example/markers/CENTRE_Atratadosnotratados/CD61_tukey.csv","outputs/example/markers/CENTRE_Atratadosnotratados/CD61_assumptions.csv"
"markers","CENTRE_Atratadosnotratados","CD41","ok_aliased",72,"outputs/example/markers/CENTRE_Atratadosnotratados/CD41_figure.png","outputs/example/markers/CENTRE_Atratadosnotratados/CD41_anova.csv","outputs/example/markers/CENTRE_Atratadosnotratados/CD41_tukey.csv","outputs/example/markers/CENTRE_Atratadosnotratados/CD41_assumptions.csv"
"markers","CENTRE_Atratadosnotratados","CD49B","ok_aliased",72,"outputs/example/markers/CENTRE_Atratadosnotratados/CD49B_figure.png","outputs/example/markers/CENTRE_Atratadosnotratados/CD49B_anova.csv","outputs/example/markers/CENTRE_Atratadosnotratados/CD49B_tukey.csv","outputs/example/markers/CENTRE_Atratadosnotratados/CD49B_assumptions.csv"
"markers","CENTRE_Atratadosnotratados","GPVI","ok_aliased",73,"outputs/example/markers/CENTRE_Atratadosnotratados/GPVI_figure.png","outputs/example/markers/CENTRE_Atratadosnotratados/GPVI_anova.csv","outputs/example/markers/CENTRE_Atratadosnotratados/GPVI_tukey.csv","outputs/example/markers/CENTRE_Atratadosnotratados/GPVI_assumptions.csv"
"markers","CENTRE_Atratadosnotratados","CD42A","ok_aliased",73,"outputs/example/markers/CENTRE_Atratadosnotratados/CD42A_figure.png","outputs/example/markers/CENTRE_Atratadosnotratados/CD42A_anova.csv","outputs/example/markers/CENTRE_Atratadosnotratados/CD42A_tukey.csv","outputs/example/markers/CENTRE_Atratadosnotratados/CD42A_assumptions.csv"
"markers","CENTRE_Atratadosnotratados","CD42B","ok_aliased",73,"outputs/example/markers/CENTRE_Atratadosnotratados/CD42B_figure.png","outputs/example/markers/CENTRE_Atratadosnotratados/CD42B_anova.csv","outputs/example/markers/CENTRE_Atratadosnotratados/CD42B_tukey.csv","outputs/example/markers/CENTRE_Atratadosnotratados/CD42B_assumptions.csv"
"markers","CENTRE_Atratadosnotratados","CD31","ok_aliased",72,"outputs/example/markers/CENTRE_Atratadosnotratados/CD31_figure.png","outputs/example/markers/CENTRE_Atratadosnotratados/CD31_anova.csv","outputs/example/markers/CENTRE_Atratadosnotratados/CD31_tukey.csv","outputs/example/markers/CENTRE_Atratadosnotratados/CD31_assumptions.csv"
"markers","CENTRE_Atratadosnotratados","CD36","ok_aliased",72,"outputs/example/markers/CENTRE_Atratadosnotratados/CD36_figure.png","outputs/example/markers/CENTRE_Atratadosnotratados/CD36_anova.csv","outputs/example/markers/CENTRE_Atratadosnotratados/CD36_tukey.csv","outputs/example/markers/CENTRE_Atratadosnotratados/CD36_assumptions.csv"
"markers","CENTRE_Atratadosnotratados","CD9","ok_aliased",73,"outputs/example/markers/CENTRE_Atratadosnotratados/CD9_figure.png","outputs/example/markers/CENTRE_Atratadosnotratados/CD9_anova.csv","outputs/example/markers/CENTRE_Atratadosnotratados/CD9_tukey.csv","outputs/example/markers/CENTRE_Atratadosnotratados/CD9_assumptions.csv"
"markers","CENTRE_Atratadosnotratados","FSC.unstained","ok_aliased",72,"outputs/example/markers/CENTRE_Atratadosnotratados/FSC_unstained_figure.png","outputs/example/markers/CENTRE_Atratadosnotratados/FSC_unstained_anova.csv","outputs/example/markers/CENTRE_Atratadosnotratados/FSC_unstained_tukey.csv","outputs/example/markers/CENTRE_Atratadosnotratados/FSC_unstained_assumptions.csv"
"markers","CENTRE_AtratadosnotratadosMPLCONTN","CD61","ok_aliased",73,"outputs/example/markers/CENTRE_AtratadosnotratadosMPLCONTN/CD61_figure.png","outputs/example/markers/CENTRE_AtratadosnotratadosMPLCONTN/CD61_anova.csv","outputs/example/markers/CENTRE_AtratadosnotratadosMPLCONTN/CD61_tukey.csv","outputs/example/markers/CENTRE_AtratadosnotratadosMPLCONTN/CD61_assumptions.csv"
"markers","CENTRE_AtratadosnotratadosMPLCONTN","CD41","ok_aliased",72,"outputs/example/markers/CENTRE_AtratadosnotratadosMPLCONTN/CD41_figure.png","outputs/example/markers/CENTRE_AtratadosnotratadosMPLCONTN/CD41_anova.csv","outputs/example/markers/CENTRE_AtratadosnotratadosMPLCONTN/CD41_tukey.csv","outputs/example/markers/CENTRE_AtratadosnotratadosMPLCONTN/CD41_assumptions.csv"
"markers","CENTRE_AtratadosnotratadosMPLCONTN","CD49B","ok_aliased",72,"outputs/example/markers/CENTRE_AtratadosnotratadosMPLCONTN/CD49B_figure.png","outputs/example/markers/CENTRE_AtratadosnotratadosMPLCONTN/CD49B_anova.csv","outputs/example/markers/CENTRE_AtratadosnotratadosMPLCONTN/CD49B_tukey.csv","outputs/example/markers/CENTRE_AtratadosnotratadosMPLCONTN/CD49B_assumptions.csv"
"markers","CENTRE_AtratadosnotratadosMPLCONTN","GPVI","ok_aliased",73,"outputs/example/markers/CENTRE_AtratadosnotratadosMPLCONTN/GPVI_figure.png","outputs/example/markers/CENTRE_AtratadosnotratadosMPLCONTN/GPVI_anova.csv","outputs/example/markers/CENTRE_AtratadosnotratadosMPLCONTN/GPVI_tukey.csv","outputs/example/markers/CENTRE_AtratadosnotratadosMPLCONTN/GPVI_assumptions.csv"
"markers","CENTRE_AtratadosnotratadosMPLCONTN","CD42A","ok_aliased",73,"outputs/example/markers/CENTRE_AtratadosnotratadosMPLCONTN/CD42A_figure.png","outputs/example/markers/CENTRE_AtratadosnotratadosMPLCONTN/CD42A_anova.csv","outputs/example/markers/CENTRE_AtratadosnotratadosMPLCONTN/CD42A_tukey.csv","outputs/example/markers/CENTRE_AtratadosnotratadosMPLCONTN/CD42A_assumptions.csv"
"markers","CENTRE_AtratadosnotratadosMPLCONTN","CD42B","ok_aliased",73,"outputs/example/markers/CENTRE_AtratadosnotratadosMPLCONTN/CD42B_figure.png","outputs/example/markers/CENTRE_AtratadosnotratadosMPLCONTN/CD42B_anova.csv","outputs/example/markers/CENTRE_AtratadosnotratadosMPLCONTN/CD42B_tukey.csv","outputs/example/markers/CENTRE_AtratadosnotratadosMPLCONTN/CD42B_assumptions.csv"
"markers","CENTRE_AtratadosnotratadosMPLCONTN","CD31","ok_aliased",72,"outputs/example/markers/CENTRE_AtratadosnotratadosMPLCONTN/CD31_figure.png","outputs/example/markers/CENTRE_AtratadosnotratadosMPLCONTN/CD31_anova.csv","outputs/example/markers/CENTRE_AtratadosnotratadosMPLCONTN/CD31_tukey.csv","outputs/example/markers/CENTRE_AtratadosnotratadosMPLCONTN/CD31_assumptions.csv"
"markers","CENTRE_AtratadosnotratadosMPLCONTN","CD36","ok_aliased",72,"outputs/example/markers/CENTRE_AtratadosnotratadosMPLCONTN/CD36_figure.png","outputs/example/markers/CENTRE_AtratadosnotratadosMPLCONTN/CD36_anova.csv","outputs/example/markers/CENTRE_AtratadosnotratadosMPLCONTN/CD36_tukey.csv","outputs/example/markers/CENTRE_AtratadosnotratadosMPLCONTN/CD36_assumptions.csv"
"markers","CENTRE_AtratadosnotratadosMPLCONTN","CD9","ok_aliased",73,"outputs/example/markers/CENTRE_AtratadosnotratadosMPLCONTN/CD9_figure.png","outputs/example/markers/CENTRE_AtratadosnotratadosMPLCONTN/CD9_anova.csv","outputs/example/markers/CENTRE_AtratadosnotratadosMPLCONTN/CD9_tukey.csv","outputs/example/markers/CENTRE_AtratadosnotratadosMPLCONTN/CD9_assumptions.csv"
"markers","CENTRE_AtratadosnotratadosMPLCONTN","FSC.unstained","ok_aliased",72,"outputs/example/markers/CENTRE_AtratadosnotratadosMPLCONTN/FSC_unstained_figure.png","outputs/example/markers/CENTRE_AtratadosnotratadosMPLCONTN/FSC_unstained_anova.csv","outputs/example/markers/CENTRE_AtratadosnotratadosMPLCONTN/FSC_unstained_tukey.csv","outputs/example/markers/CENTRE_AtratadosnotratadosMPLCONTN/FSC_unstained_assumptions.csv"
"markers","CENTRE_ATNCONMPL","CD61","ok_aliased",73,"outputs/example/markers/CENTRE_ATNCONMPL/CD61_figure.png","outputs/example/markers/CENTRE_ATNCONMPL/CD61_anova.csv","outputs/example/markers/CENTRE_ATNCONMPL/CD61_tukey.csv","outputs/example/markers/CENTRE_ATNCONMPL/CD61_assumptions.csv"
"markers","CENTRE_ATNCONMPL","CD41","ok_aliased",72,"outputs/example/markers/CENTRE_ATNCONMPL/CD41_figure.png","outputs/example/markers/CENTRE_ATNCONMPL/CD41_anova.csv","outputs/example/markers/CENTRE_ATNCONMPL/CD41_tukey.csv","outputs/example/markers/CENTRE_ATNCONMPL/CD41_assumptions.csv"
"markers","CENTRE_ATNCONMPL","CD49B","ok_aliased",72,"outputs/example/markers/CENTRE_ATNCONMPL/CD49B_figure.png","outputs/example/markers/CENTRE_ATNCONMPL/CD49B_anova.csv","outputs/example/markers/CENTRE_ATNCONMPL/CD49B_tukey.csv","outputs/example/markers/CENTRE_ATNCONMPL/CD49B_assumptions.csv"
"markers","CENTRE_ATNCONMPL","GPVI","ok_aliased",73,"outputs/example/markers/CENTRE_ATNCONMPL/GPVI_figure.png","outputs/example/markers/CENTRE_ATNCONMPL/GPVI_anova.csv","outputs/example/markers/CENTRE_ATNCONMPL/GPVI_tukey.csv","outputs/example/markers/CENTRE_ATNCONMPL/GPVI_assumptions.csv"
"markers","CENTRE_ATNCONMPL","CD42A","ok_aliased",73,"outputs/example/markers/CENTRE_ATNCONMPL/CD42A_figure.png","outputs/example/markers/CENTRE_ATNCONMPL/CD42A_anova.csv","outputs/example/markers/CENTRE_ATNCONMPL/CD42A_tukey.csv","outputs/example/markers/CENTRE_ATNCONMPL/CD42A_assumptions.csv"
"markers","CENTRE_ATNCONMPL","CD42B","ok_aliased",73,"outputs/example/markers/CENTRE_ATNCONMPL/CD42B_figure.png","outputs/example/markers/CENTRE_ATNCONMPL/CD42B_anova.csv","outputs/example/markers/CENTRE_ATNCONMPL/CD42B_tukey.csv","outputs/example/markers/CENTRE_ATNCONMPL/CD42B_assumptions.csv"
"markers","CENTRE_ATNCONMPL","CD31","ok_aliased",72,"outputs/example/markers/CENTRE_ATNCONMPL/CD31_figure.png","outputs/example/markers/CENTRE_ATNCONMPL/CD31_anova.csv","outputs/example/markers/CENTRE_ATNCONMPL/CD31_tukey.csv","outputs/example/markers/CENTRE_ATNCONMPL/CD31_assumptions.csv"
"markers","CENTRE_ATNCONMPL","CD36","ok_aliased",72,"outputs/example/markers/CENTRE_ATNCONMPL/CD36_figure.png","outputs/example/markers/CENTRE_ATNCONMPL/CD36_anova.csv","outputs/example/markers/CENTRE_ATNCONMPL/CD36_tukey.csv","outputs/example/markers/CENTRE_ATNCONMPL/CD36_assumptions.csv"
"markers","CENTRE_ATNCONMPL","CD9","ok_aliased",73,"outputs/example/markers/CENTRE_ATNCONMPL/CD9_figure.png","outputs/example/markers/CENTRE_ATNCONMPL/CD9_anova.csv","outputs/example/markers/CENTRE_ATNCONMPL/CD9_tukey.csv","outputs/example/markers/CENTRE_ATNCONMPL/CD9_assumptions.csv"
"markers","CENTRE_ATNCONMPL","FSC.unstained","ok_aliased",72,"outputs/example/markers/CENTRE_ATNCONMPL/FSC_unstained_figure.png","outputs/example/markers/CENTRE_ATNCONMPL/FSC_unstained_anova.csv","outputs/example/markers/CENTRE_ATNCONMPL/FSC_unstained_tukey.csv","outputs/example/markers/CENTRE_ATNCONMPL/FSC_unstained_assumptions.csv"
