"panel","variant","measure","status","n","test","statistic","p_value","note"
"aggregation","CENTRE_A","PMA","ok_aliased",71,"shapiro_residuals",0.974115365160742,0.149453672932309,""
"aggregation","CENTRE_A","PMA","ok_aliased",71,"levene_cells",1.57934078740581,0.091742807038686,""
"aggregation","CENTRE_A","CVX","ok_aliased",71,"shapiro_residuals",0.988235215125694,0.750916856600609,""
"aggregation","CENTRE_A","CVX","ok_aliased",71,"levene_cells",1.22933522109646,0.268602321321613,""
"aggregation","CENTRE_A","RISTO","ok_aliased",70,"shapiro_residuals",0.987687614760159,0.726729315733019,""
"aggregation","CENTRE_A","RISTO","ok_aliased",70,"levene_cells",0.615059284578671,0.895269769423928,""
"aggregation","CENTRE_A","AGGA","ok_aliased",71,"shapiro_residuals",0.970571999238599,0.0937514669071482,""
"aggregation","CENTRE_A","AGGA","ok_aliased",71,"levene_cells",1.20266559627411,0.289881999512471,""
"aggregation","CENTRE_A","COL","ok_aliased",71,"shapiro_residuals",0.959694909474642,0.0226133278882561,""
"aggregation","CENTRE_A","COL","ok_aliased",71,"levene_cells",1.02335210002625,0.458165828275349,""
"aggregation","CENTRE_A","TRAP","ok_aliased",71,"shapiro_residuals",0.982202126345449,0.411544818644498,""
"aggregation","CENTRE_A","TRAP","ok_aliased",71,"levene_cells",1.43426462029904,0.148920750016926,""
"aggregation","CENTRE_A","UNSTIMULATED.10min","ok_aliased",75,"shapiro_residuals",0.960868355420333,0.0205891206132219,""
"aggregation","CENTRE_A","UNSTIMULATED.10min","ok_aliased",75,"levene_cells",0.855467458178324,0.650582148520392,""
"aggregation","CENTRE_A","Time.0min","ok_aliased",75,"shapiro_residuals",0.987599410770843,0.679791132492197,""
"aggregation","CENTRE_A","Time.0min","ok_aliased",75,"levene_cells",0.953756580397397,0.534640056651384,""
"aggregation","CENTRE_A","UNS.Time.10min.vs.Time.0","ok_aliased",75,"shapiro_residuals",0.970253678183866,0.0745024771970495,""
"aggregation","CENTRE_A","UNS.Time.10min.vs.Time.0","ok_aliased",75,"levene_cells",0.794661272558681,0.721623971255846,""
"aggregation","CENTRE_Atratadosnotratados","PMA","ok_aliased",71,"shapiro_residuals",0.971925093976498,0.112076467570888,""
"aggregation","CENTRE_Atratadosnotratados","PMA","ok_aliased",71,"levene_cells",1.1947825886191,0.306852263115669,""
"aggregation","CENTRE_Atratadosnotratados","CVX","ok_aliased",71,"shapiro_residuals",0.982133801387625,0.40830322074345,""
"aggregation","CENTRE_Atratadosnotratados","CVX","ok_aliased",71,"levene_cells",1.48425641746381,0.151852553078538,""
"aggregation","CENTRE_Atratadosnotratados","RISTO","ok_aliased",70,"shapiro_residuals",0.990852496298308,0.894182894059689,""
"aggregation","CENTRE_Atratadosnotratados","RISTO","ok_aliased",70,"levene_cells",0.97411164800322,0.487463435810304,""
"aggregation","CENTRE_Atratadosnotratados","AGGA","ok_aliased",71,"shapiro_residuals",0.987643619436289,0.715864850926875,""
"aggregation","CENTRE_Atratadosnotratados","AGGA","ok_aliased",71,"levene_cells",1.19221219061383,0.308642181479906,""
"aggregation","CENTRE_Atratadosnotratados","COL","ok_aliased",71,"shapiro_residuals",0.968763042490893,0.0738316682079063,""
"aggregation","CENTRE_Atratadosnotratados","COL","ok_aliased",71,"levene_cells",0.671311536353142,0.782041806357015,""
"aggregation","CENTRE_Atratadosnotratados","TRAP","ok_aliased",71,"shapiro_residuals",0.979861434484619,0.311189710795662,""
"aggregation","CENTRE_Atratadosnotratados","TRAP","ok_aliased",71,"levene_cells",1.30110768289098,0.246723922112924,""
"aggregation","CENTRE_Atratadosnotratados","UNSTIMULATED.10min","ok_aliased",75,"shapiro_residuals",0.958772626401825,0.0155563722237576,""
"aggregation","CENTRE_Atratadosnotratados","UNSTIMULATED.10min","ok_aliased",75,"levene_cells",0.558832260368508,0.876617086220462,""
"aggregation","CENTRE_Atratadosnotratados","Time.0min","ok_aliased",75,"shapiro_residuals",0.986852486191539,0.632855353678877,""
"aggregation","CENTRE_Atratadosnotratados","Time.0min","ok_aliased",75,"levene_cells",1.57689224628904,0.117084969999098,""
"aggregation","CENTRE_Atratadosnotratados","UNS.Time.10min.vs.Time.0","ok_aliased",75,"shapiro_residuals",0.968891848351329,0.0616848790140526,""
"aggregation","CENTRE_Atratadosnotratados","UNS.Time.10min.vs.Time.0","ok_aliased",75,"levene_cells",0.805505441340754,0.652007907813413,""
"aggregation","CENTRE_AtratadosnotratadosMPLCONTN","PMA","ok_aliased",71,"shapiro_residuals",0.97347264693688,0.137381599452146,""
"aggregation","CENTRE_AtratadosnotratadosMPLCONTN","PMA","ok_aliased",71,"levene_cells",1.43761929232578,0.180689172905807,""
"aggregation","CENTRE_AtratadosnotratadosMPLCONTN","CVX","ok_aliased",71,"shapiro_residuals",0.980173765241697,0.323309988276223,""
"aggregation","CENTRE_AtratadosnotratadosMPLCONTN","CVX","ok_aliased",71,"levene_cells",1.35108254586566,0.220542331103993,""
"aggregation","CENTRE_AtratadosnotratadosMPLCONTN","RISTO","ok_aliased",70,"shapiro_residuals",0.99084075344708,0.89367186376217,""
"aggregation","CENTRE_AtratadosnotratadosMPLCONTN","RISTO","ok_aliased",70,"levene_cells",1.08988452034477,0.385419963924194,""
"aggregation","CENTRE_AtratadosnotratadosMPLCONTN","AGGA","ok_aliased",71,"shapiro_residuals",0.991527441127241,0.918013756731857,""
"aggregation","CENTRE_AtratadosnotratadosMPLCONTN","AGGA","ok_aliased",71,"levene_cells",1.10383589993135,0.37455829631419,""
"aggregation","CENTRE_AtratadosnotratadosMPLCONTN","COL","ok_aliased",71,"shapiro_residuals",0.971556034387681,0.106753042372697,""
"aggregation","CENTRE_AtratadosnotratadosMPLCONTN","COL","ok_aliased",71,"levene_cells",0.597438998367244,0.823306507820079,""
"aggregation","CENTRE_AtratadosnotratadosMPLCONTN","TRAP","ok_aliased",71,"shapiro_residuals",0.981057743636254,0.359724060157913,""
"aggregation","CENTRE_AtratadosnotratadosMPLCONTN","TRAP","ok_aliased",71,"levene_cells",1.39543798021285,0.20449518174105,""
"aggregation","CENTRE_AtratadosnotratadosMPLCONTN","UNSTIMULATED.10min","ok_aliased",75,"shapiro_residuals",0.969268221878882,0.0649865875830501,""
"aggregation","CENTRE_AtratadosnotratadosMPLCONTN","UNSTIMULATED.10min","ok_aliased",75,"levene_cells",0.405933225271308,0.948347444045731,""
"aggregation","CENTRE_AtratadosnotratadosMPLCONTN","Time.0min","ok_aliased",75,"shapiro_residuals",0.986888419217277,0.635103254238747,""
"aggregation","CENTRE_AtratadosnotratadosMPLCONTN","Time.0min","ok_aliased",75,"levene_cells",1.7513996578905,0.0824173294991594,""
"aggregation","CENTRE_AtratadosnotratadosMPLCONTN","UNS.Time.10min.vs.Time.0","ok_aliased",75,"shapiro_residuals",0.965727833006766,0.0398654100625982,""
"aggregation","CENTRE_AtratadosnotratadosMPLCONTN","UNS.Time.10min.vs.Time.0","ok_aliased",75,"levene_cells",0.656472775665987,0.773238396264109,""
"aggregation","CENTRE_ATNCONMPL","PMA","ok_aliased",71,"shapiro_residuals",0.97494373459517,0.16652433661155,""
"aggregation","CENTRE_ATNCONMPL","PMA","ok_aliased",71,"levene_cells",1.8218264468847,0.0457343601324745,""
"aggregation","CENTRE_ATNCONMPL","CVX","ok_aliased",71,"shapiro_residuals",0.984466262034159,0.528919902172061,""
"aggregation","CENTRE_ATNCONMPL","CVX","ok_aliased",71,"levene_cells",1.00506254605588,0.471546976269375,""
"aggregation","CENTRE_ATNCONMPL","RISTO","ok_aliased",70,"shapiro_residuals",0.985262684458231,0.583948009997152,""
"aggregation","CENTRE_ATNCONMPL","RISTO","ok_aliased",70,"levene_cells",0.5617082346298,0.915435756454971,""
"aggregation","CENTRE_ATNCONMPL","AGGA","ok_aliased",71,"shapiro_residuals",0.979352159775699,0.292246438027589,""
"aggregation","CENTRE_ATNCONMPL","AGGA","ok_aliased",71,"levene_cells",1.1527035686257,0.333047180813386,""
"aggregation","CENTRE_ATNCONMPL","COL","ok_aliased",71,"shapiro_residuals",0.954879198900007,0.0122824125513589,""
"aggregation","CENTRE_ATNCONMPL","COL","ok_aliased",71,"levene_cells",0.970179804704342,0.508231774455041,""
"aggregation","CENTRE_ATNCONMPL","TRAP","ok_aliased",71,"shapiro_residuals",0.986018908360076,0.618577127045645,""
"aggregation","CENTRE_ATNCONMPL","TRAP","ok_aliased",71,"levene_cells",1.41866748485357,0.162555003103543,""
"aggregation","CENTRE_ATNCONMPL","UNSTIMULATED.10min","ok_aliased",75,"shapiro_residuals",0.973634953398469,0.119075162126753,""
"aggregation","CENTRE_ATNCONMPL","UNSTIMULATED.10min","ok_aliased",75,"levene_cells",0.681232905849578,0.820781455226672,""
"aggregation","CENTRE_ATNCONMPL","Time.0min","ok_aliased",75,"shapiro_residuals",0.991475521272885,0.900667280058983,""
"aggregation","CENTRE_ATNCONMPL","Time.0min","ok_aliased",75,"levene_cells",1.18081776972498,0.306655446375078,""
"aggregation","CENTRE_ATNCONMPL","UNS.Time.10min.vs.Time.0","ok_aliased",75,"shapiro_residuals",0.969337205176401,0.0656108526632427,""
"aggregation","CENTRE_ATNCONMPL","UNS.Time.10min.vs.Time.0","ok_aliased",75,"levene_cells",0.70148616401168,0.801203551977501,""
